path,depth,file_count,total_bytes,total_loc,newest_mtime,days_stale
BlackboxBrief/tests/fixtures,3,2,3200,67,2026-02-16,157
BlackboxBrief/inspo_library/accounts,3,7,1542,67,2026-02-17,156
BlackboxBrief/templates/fonts,3,2,14052656,0,2026-02-21,152
BlackboxBrief/assets/music,3,5,2893493,0,2026-02-21,152
BlackboxBrief/tests/golden,3,2,2172,62,2026-02-22,151
BlackboxBrief/templates/slides,3,9,31737,0,2026-02-22,151
BlackboxBrief/templates,2,12,14092589,0,2026-02-22,151
dashboard/frontend/worker,3,2,2470,86,2026-02-27,147
BlackboxBrief/assets/logos,3,13,441892,0,2026-02-26,147
BlackboxBrief/.github/workflows,3,1,1194,54,2026-02-27,146
BlackboxBrief/.github,2,1,1194,54,2026-02-27,146
genlab-core/genlab_core.egg-info,2,5,658,0,2026-03-06,139
BlackboxBrief/tests/core,3,2,6148,0,2026-03-07,138
SpliceReel/assets/logos,3,2,796837,0,2026-03-09,137
genlab-core/niche_stubs/sports,3,1,313,11,2026-03-09,137
genlab-core/niche_stubs/movies,3,1,313,11,2026-03-09,137
genlab-core/niche_stubs/anime,3,1,310,11,2026-03-09,137
genlab-core/niche_stubs,2,3,936,33,2026-03-09,137
FrameDrift/assets/logos,3,2,1406811,0,2026-03-09,137
ClutchWire/assets/logos,3,2,1861702,0,2026-03-09,137
CriticalRush/docs/plans,3,2,54452,1482,2026-03-10,136
CriticalRush/docs,2,4,88351,2075,2026-03-10,136
genlab-core/docs,2,1,1839,43,2026-03-10,135
genlab-core/.hypothesis/unicode_data,3,1,22262,0,2026-03-10,135
CriticalRush/.hypothesis/unicode_data,3,1,22262,0,2026-03-10,135
.serena/memories,2,3,4865,111,2026-03-13,133
FrameDrift/.tmp/test_video_dl,3,4,69975187,36,2026-03-13,132
FrameDrift/.hypothesis/unicode_data,3,1,22262,0,2026-03-13,132
FrameDrift/.hypothesis/constants,3,119,44104,0,2026-03-13,132
FrameDrift/.hypothesis,2,120,66366,0,2026-03-13,132
dashboard/.hypothesis/unicode_data,3,1,22262,0,2026-03-14,132
dashboard/.hypothesis/constants,3,113,45148,0,2026-03-14,132
dashboard/.hypothesis,2,114,67410,0,2026-03-14,132
CriticalRush/.tmp/reports,3,36,234176,8122,2026-03-14,132
CriticalRush/.hypothesis/constants,3,136,53677,0,2026-03-13,132
CriticalRush/.hypothesis,2,137,75939,0,2026-03-13,132
BlackboxBrief/schemas,2,11,29642,929,2026-03-14,132
BlackboxBrief/inspo_library/posts,3,2,1003,40,2026-03-13,132
BlackboxBrief/inspo_library,2,11,13292,131,2026-03-13,132
BlackboxBrief/docs/plans,3,19,499593,14740,2026-03-14,132
BlackboxBrief/docs/archive,3,4,71222,1930,2026-03-13,132
BlackboxBrief/docs,2,27,583588,16824,2026-03-14,132
BlackboxBrief/configs,2,1,919,41,2026-03-13,132
BlackboxBrief/.tmp/health,3,2,3020,124,2026-03-14,132
BlackboxBrief/.tmp/media,3,2,114704,0,2026-03-15,130
genlab-core/.hypothesis/constants,3,304,177955,0,2026-03-17,129
genlab-core/.hypothesis,2,305,200217,0,2026-03-17,129
BlackboxBrief/.tmp/backups,3,63,19660710,492668,2026-03-17,129
BlackboxBrief/.tmp/audio,3,570,494062605,0,2026-03-17,129
.media/ai_creators,2,3,39592179,0,2026-03-17,129
SpliceReel/assets,2,4,3647023,0,2026-03-17,128
FrameDrift/assets,2,4,5133887,0,2026-03-17,128
dashboard/configs,2,1,885,39,2026-03-17,128
CriticalRush/tests/publishing,3,2,8091,203,2026-03-17,128
CriticalRush/assets,2,2,2555831,0,2026-03-17,128
ClutchWire/assets,2,4,5491188,0,2026-03-17,128
BlackboxBrief/assets,2,21,5786981,0,2026-03-17,128
BlackboxBrief/.tmp/learning_logs,3,12,10860,444,2026-03-17,128
SpliceReel/.tmp/logs,3,2,1800670,0,2026-03-20,125
FrameDrift/.tmp/logs,3,2,1741783,0,2026-03-20,125
ClutchWire/.tmp/logs,3,2,1810817,0,2026-03-20,125
BlackboxBrief/.tmp/test_video_dl,3,5,371502466,36,2026-03-20,125
BlackboxBrief/.playwright-mcp,2,13,80040,0,2026-03-20,125
BlackboxBrief/.logs,2,1,0,0,2026-03-20,125
.superpowers/brainstorm/48970-1774018024,3,2,962,0,2026-03-20,125
.superpowers/brainstorm/48802-1774018009,3,2,962,0,2026-03-20,125
.superpowers/brainstorm,2,4,1924,0,2026-03-20,125
.superpowers,1,4,1924,0,2026-03-20,125
.tmp/logs/sports,3,13,632045,0,2026-03-21,124
.tmp/logs/movies,3,13,385321,0,2026-03-21,124
.tmp/logs/gaming,3,16,542171,0,2026-03-21,124
.tmp/logs/anime,3,18,421411,0,2026-03-22,124
genlab-core/assets/fonts,3,1,879708,0,2026-03-22,123
genlab-core/assets,2,1,879708,0,2026-03-22,123
dashboard/frontend/public,3,4,3987,77,2026-03-23,123
.tmp/test_video_dl/output,3,2,85424,17,2026-03-25,121
.tmp/test_video_dl/cache,3,1,655,19,2026-03-25,121
.tmp/test_video_dl,2,3,86079,36,2026-03-25,121
.tmp/runs/multi_20260324_134759,3,1,768,36,2026-03-24,121
.hypothesis/unicode_data/16.0.0,3,1,22262,0,2026-03-25,121
.hypothesis/examples/64c36e68d37284d3,3,19,342,0,2026-03-25,121
.hypothesis/examples/308a88fc9d243d2e,3,1,18,0,2026-03-25,121
.hypothesis/examples/04e6b3400353b141,3,2,106,0,2026-03-25,121
.hypothesis/examples,2,22,466,0,2026-03-25,121
.tmp/runs/multi_20260326_072445,3,1,767,36,2026-03-26,120
.tmp/runs/multi_20260325_142356,3,1,768,36,2026-03-25,120
CriticalRush/logs,2,3,1854,0,2026-03-27,118
.tmp/rerender/e2398c05-ccb,3,2,62566700,0,2026-03-27,118
.tmp/rerender/c1fed0df-105,3,2,58895229,0,2026-03-27,118
.tmp/rerender/7dcf76db-7b5,3,2,31901914,0,2026-03-27,118
.tmp/rerender/3936bc15-5c4,3,2,47702044,0,2026-03-27,118
.tmp/rerender/34e82683-366,3,6,192996245,0,2026-03-28,118
.tmp/rerender/1cbf9b59-967,3,2,33886758,0,2026-03-27,118
.tmp/rerender,2,16,427948890,0,2026-03-28,118
CriticalRush/.tmp/logs,3,9,187202910,0,2026-04-01,113
genlab-core/models,2,1,0,0,2026-04-02,112
.media/cdn,2,84,2276039151,0,2026-04-03,112
.tmp/runs/movies_20260404_080005,3,9,97383004,240,2026-04-04,111
.tmp/runs/anime_20260404_060002,3,7,30773728,301,2026-04-04,111
.media,1,88,2315637478,0,2026-04-03,111
..bfg-report/2026-04-03/21-58-04,3,3,93443,0,2026-04-03,111
..bfg-report/2026-04-03,2,3,93443,0,2026-04-03,111
..bfg-report,1,3,93443,0,2026-04-03,111
.tmp/runs/sports_20260404_100003,3,23,1006821210,438,2026-04-04,110
.tmp/runs/movies_20260405_080006,3,11,113938763,150,2026-04-05,110
.tmp/runs/gaming_20260405_040005,3,2,3992,125,2026-04-05,110
.tmp/runs/anime_20260405_060004,3,11,2223278302,301,2026-04-05,110
.tmp/runs/ai_creators_20260405_023303,3,13,258118319,183,2026-04-05,110
.tmp/runs/sports_20260405_100004,3,23,1088403955,442,2026-04-05,109
.tmp/runs/movies_20260406_080000,3,11,127863388,180,2026-04-06,109
.tmp/runs/gaming_20260406_040005,3,2,2777,92,2026-04-06,109
.tmp/runs/anime_20260406_060005,3,9,176950582,301,2026-04-06,109
.tmp/runs/ai_creators_20260406_023002,3,13,207202259,159,2026-04-06,109
docs/superpowers/specs,3,30,374593,9371,2026-04-06,108
deploy/caddy,2,1,380,0,2026-04-06,108
.tmp/runs/sports_20260406_100005,3,23,610165923,421,2026-04-06,108
.github/ISSUE_TEMPLATE,2,3,690,41,2026-04-06,108
docs/superpowers/plans,3,27,572855,16080,2026-04-11,104
docs/superpowers,2,61,992805,26161,2026-04-11,104
.tmp/runs/gaming_20260411_040005,3,2,2953,97,2026-04-11,104
.tmp/runs/ai_creators_20260411_023003,3,13,280957592,240,2026-04-11,104
.tmp/runs/movies_20260427_080006,3,13,136624929,250,2026-04-27,88
.tmp/runs/gaming_20260427_040517,3,2,2970,101,2026-04-27,88
.tmp/runs/anime_20260427_061320,3,11,124263795,419,2026-04-27,88
.tmp/runs/ai_creators_20260427_023003,3,12,188437100,195,2026-04-27,88
.tmp/runs/sports_20260427_100005,3,23,325278171,487,2026-04-27,87
.tmp/runs/movies_20260428_080005,3,13,140873808,326,2026-04-28,87
.tmp/runs/gaming_20260428_040005,3,2,4912,146,2026-04-28,87
.tmp/runs/anime_20260428_060005,3,5,47520760,359,2026-04-28,87
.tmp/runs/ai_creators_20260428_023005,3,7,51106695,143,2026-04-28,87
SpliceReel/.tmp/cache,3,1,220,1,2026-04-29,86
SpliceReel/.tmp,2,7,2121288,1,2026-04-29,86
SpliceReel/.logs,2,2,703225,0,2026-04-29,86
FrameDrift/.tmp/cache,3,1,191,1,2026-04-29,86
FrameDrift/.tmp,2,11,71972563,37,2026-04-29,86
FrameDrift/.logs,2,2,564576,0,2026-04-29,86
CriticalRush/.tmp/rendered,3,359,4899040386,0,2026-04-29,86
CriticalRush/.tmp/clips,3,68,4680143568,0,2026-04-29,86
CriticalRush/.tmp/cache,3,1,180,1,2026-04-29,86
ClutchWire/.tmp/cache,3,1,181,1,2026-04-28,86
ClutchWire/.tmp,2,7,2341639,1,2026-04-28,86
ClutchWire/.logs,2,2,1036843,0,2026-04-28,86
BlackboxBrief/.tmp/runs,3,114,31937302,492416,2026-04-29,86
BlackboxBrief/.tmp/logs,3,142,17062466,0,2026-04-29,86
BlackboxBrief/.tmp/cache,3,551,6302361,550,2026-04-29,86
BlackboxBrief/.tmp,2,1469,940669381,986256,2026-04-29,86
.tmp/runs/sports_20260428_100004,3,23,436531039,462,2026-04-28,86
.tmp/runs/movies_20260429_080004,3,9,128156343,464,2026-04-29,86
.tmp/runs/gaming_20260429_040005,3,2,2999,99,2026-04-29,86
.tmp/runs/anime_20260429_060004,3,11,90659932,388,2026-04-29,86
.tmp/runs/ai_creators_20260429_023000,3,13,150160415,236,2026-04-29,86
.tmp/logs/splicereel,3,18,519094,0,2026-04-29,86
.tmp/logs/framedrift,3,18,428800,0,2026-04-29,86
.tmp/logs/criticalrush,3,19,520961,0,2026-04-29,86
.tmp/logs/clutchwire,3,18,829164,0,2026-04-28,86
.tmp/logs,2,133,4278967,0,2026-04-29,86
.tmp/locks,2,5,29,0,2026-04-29,86
.backups,1,16,16369661,0,2026-04-28,86
CriticalRush/.logs,2,5,833910,0,2026-04-29,85
genlab-core/runbooks,2,7,12425,104,2026-05-16,68
scripts/tests,2,3,10101,277,2026-05-21,63
genlab-core/tests/video,3,2,3419,78,2026-05-22,63
genlab-core/tests/utils,3,3,8669,239,2026-05-21,63
genlab-core/tests/tools,3,4,12201,311,2026-05-21,63
genlab-core/tests/test_platform,3,2,7318,189,2026-05-21,63
genlab-core/tests/analytics,3,2,3551,94,2026-05-21,63
dashboard/server/middleware,3,2,1080,32,2026-05-21,63
CriticalRush/tools/publishing,3,2,238,8,2026-05-21,63
CriticalRush/tools,2,2,238,8,2026-05-21,63
CriticalRush/tests/orchestration,3,2,4044,123,2026-05-21,63
CriticalRush/scripts,2,2,3558,107,2026-05-21,63
CriticalRush/niches/_template,3,16,20849,726,2026-05-21,63
BlackboxBrief/tests/_legacy,3,4,25691,683,2026-05-21,63
BlackboxBrief/execution/stages,3,1,63,1,2026-05-21,63
BlackboxBrief/execution/sources,3,7,42084,1242,2026-05-21,63
BlackboxBrief/execution/scrapers,3,2,12572,353,2026-05-21,63
BlackboxBrief/core,2,3,6290,3,2026-05-21,63
.hypothesis/unicode_data/15.1.0,3,1,21735,0,2026-05-22,63
.hypothesis/unicode_data,2,2,43997,0,2026-05-22,63
genlab-core/configs,2,2,2656,82,2026-05-23,62
genlab-core/.grimp_cache,2,4,51857,2,2026-05-23,62
CriticalRush/core,2,2,7288,217,2026-05-22,62
BlackboxBrief/docker/short-video-maker,3,3,12286004,16,2026-05-23,61
BlackboxBrief/docker,2,3,12286004,16,2026-05-23,61
